{
  "colors": {
    "menu bar": "323232",
    "background": "181818",
    "icons": "fff",
    "text": "fff",

    "toggle btn off": "0000",
    "toggle btn hover": "4d4d4d",
    "toggle btn on": "fff1",

    "action btn off": "4d4d4d00",
    "action btn on": "4d4d4d",

    "note list bg": "242424",

    "tab bar": "242424",
    "selected tab": "181818",
    "other tabs": "2d2d2d",
    "tab hover": "484848",

    "input menus": "323232",

    "workspace item bg": "242424",
    "workspace item bar": "323232",
    "":""
  }
}